scale,k_items,n_participants,alpha,alpha_ci_low,alpha_ci_high,omega,omega_ci_low,omega_ci_high,note
Comfort pre,4,21,0.8392098024506129,0.6679389950196561,0.9183674317607341,0.8961053290669234,0.8431673878424863,0.9549263014664368,Interpret with caution at n=23 due to wide uncertainty.
Comfort post,4,22,0.7983509154844184,0.5774029917165893,0.9099335110613153,0.8843079674899595,0.8024260588963342,0.9429721133671047,Interpret with caution at n=23 due to wide uncertainty.
Attitude pre reversed,5,23,0.5389976275207591,0.04759091063415515,0.7674549090237766,0.7448442504780798,0.009579703642575921,0.8607551059302634,Interpret with caution at n=23 due to wide uncertainty.
Attitude post reversed,5,20,0.788457731142348,0.34308598426167175,0.8733911507003322,0.8677231425479276,0.7149013172678264,0.9083758587288259,Interpret with caution at n=23 due to wide uncertainty.
